,seccion,dias,no,cuenta,.,email_institucional,P1.P.F,I1.PenF,P2.O.E,I2.OE,P3.E.T,I3.ET,P4.Cal,I4.Cal,I5.Elc,P5.ELC,I6.CIRC
0,1100,Ju,1,20121013347,STEFANY PATRICIA CRUZ VELASQUEZ,stefany.cruz@unah.hn,"7,50",53,"7,50",57,0,65,"15,00",52,75,0,100
1,1100,Ju,2,20151022840,JOSÉ RAÚL RUBIO ULLOA,josrubio@unah.hn,0,55,0,0,0,0,0,0,0,0,0
2,1100,Ju,3,20151023922,IRIS MELISSA MEJIA JIMENEZ,immejia@unah.hn,"11,25",61,"7,50",63,"12,00",72,"10,00",72,75,0,100
3,1100,Ju,4,20181007017,JENNIFER CAROLINA RODRIGUEZ ALVARADO,jcrodrigueza@unah.hn,"3,75",55,"15,00",0,"12,00",70,"20,00",64,75,0,100
4,1100,Ju,5,20183000162,MARTHA RAQUEL REYES RAMOS,reyes.martha@unah.hn,"3,75",52,"15,00",0,"12,00",72,"20,00",72,75,0,100
5,1100,Ju,6,20191000467,GUILLERMO ALEJANDRO IZAGUIRRE SALGADO,gizaguirres@unah.hn,"15,00",53,"15,00",57,"12,00",65,"20,00",52,75,0,100
6,1100,Ju,7,20191001596,KELIN ANDREA DIAZ SANCHEZ,kadiazs@unah.hn,"15,00",55,"7,50",0,"15,00",70,"15,00",64,75,0,100
7,1100,Ju,8,20191005424,OBED ISAI SALGADO SALGADO,obed.salgado@unah.hn,"11,25",53,"15,00",57,0,65,"15,00",52,75,0,100
8,1100,Ju,9,20201000479,CRISTOPHER JOSUE CARRANZA CARRANZA,cjcarranzac@unah.hn,"15,00",53,"11,25",57,"9,00",65,"10,00",52,0,0,0
9,1100,Ju,10,20201000839,DIEGO ALEJANDRO ELVIR RODRIGUEZ,daelvirr@unah.hn,"0,00",52,"15,00",0,"12,00",72,"20,00",72,75,0,100
10,1100,Ju,11,20211022207,DARIELA MARISEL SALGADO SALGADO,dariela.salgado@unah.hn,"7,50",52,"11,25",0,"15,00",72,"15,00",72,75,0,100
11,1100,Ju,12,20221900049,ALLAN JOSUÉ FLORENTINO MEDINA,allan.florentino@unah.hn,0,61,0,63,"15,00",72,"15,00",72,75,0,100
12,1100,Ju,13,20221900056,ÁNGEL EDUARDO BUSTILLO MEDINA,aebustillo@unah.hn,0,61,0,63,"15,00",0,"10,00",72,75,0,100
13,1100,Ma,1,20111005134,SCARLETH NICOLE GARCIA ROMERO,scarleth.garcia@unah.hn,"7,50",36,"15,00",67,"6,00",72,"15,00",41,75,0,100
14,1100,Ma,2,20111005331,SAIRA MENDOZA GOMEZ,saira.mendoza@unah.hn,0,21,"0,00",39,0,38,"10,00",0,0,0,0
15,1100,Ma,3,20151002378,JEFFRY JOSUE BARAHONA MEJIA,barahona_jeffry@unah.hn,0,36,0,67,"3,00",72,0,41,0,0,0
16,1100,Ma,4,20171000134,ROBIN JOHAN AMADOR HERRERA,robin.amador@unah.hn,"15,00",21,0,39,0,38,0,0,0,0,0
17,1100,Ma,5,20181002553,CRISTIANS ORLANDO HERNANDEZ MANUELES,cristians.hernandez@unah.hn,"11,25",36,0,67,"15,00",72,"15,00",41,75,0,0
18,1100,Ma,6,20181005056,RONALD FABRICIO SUAZO DOMINGUEZ,ronald.suazo@unah.hn,"11,25",36,"15,00",67,"9,00",72,0,41,75,0,100
19,1100,Ma,7,20181005059,OSCAR DANIEL SANCHEZ BANEGAS,osanchezb@unah.hn,0,0,0,0,0,38,0,0,0,0,0
20,1100,Ma,8,20181007060,ZENIO ALDAIR VELÁSQUEZ ZELAYA,zenio.velasquez@unah.hn,"3,75",47,"15,00",69,"6,00",69,"15,00",65,0,0,0
21,1100,Ma,9,20201002105,OIZIS AKSUNAMUN MELGAR RODRIGUEZ,oizis.melgar@unah.hn,"15,00",47,"7,50",69,"3,00",69,"20,00",65,75,0,100
22,1100,Ma,10,20201003819,MOISES AMADO RECARTE AGUILERA,moises.recarte@unah.hn,0,47,0,69,"9,00",69,0,65,0,0,100
23,1100,Ma,11,20201003991,FERNANDO JAVIER TERCERO ORELLANA,fernando.tercero@unah.hn,"7,50",21,"7,50",39,0,38,"15,00",0,75,0,100
24,1100,Ma,12,20201004042,JOSÉ FERNANDO SANCHEZ RODAS,jfsanchezr@unah.hn,0,21,"7,50",39,0,38,0,0,0,0,0
25,1100,Ma,13,20211020135,ELVIS EDUARDO INESTROZA AGUILAR,elvis.inestroza@unah.hn,"15,00",47,"11,25",69,0,69,"15,00",65,75,0,100
26,1100,Ma,14,20211023182,XOCHILT ABRIL GUERRA CERRATO,xochilt.guerra@unah.hn,"3,75",47,0,69,"12,00",69,"15,00",65,75,0,100
27,1100,Ma,15,20211920104,FRANCIS CAROLINA GONZALES MELENDEZ,fgonzalesm@unah.hn,"3,75",36,"11,25",67,"15,00",72,"15,00",41,75,0,0
28,1400,Sa,1,20111900511,LUIS ADAN SANCHEZ PEREZ,perezadan@unah.hn,"11,25",0,0,0,0,0,0,0,75,0,0
29,1400,Sa,2,20112000889,BRAYAN ANTONIO PICHARDO BENITEZ,antonio.pichardo@unah.hn,0,0,"3,75",51,"12,00",0,"10,00",65,0,0,0
30,1400,Sa,3,20141030226,EDGAR ADAN ESPINAL ORDOÑEZ,edgar.espinal@unah.hn,0,70,0,0,0,0,0,0,0,0,0
31,1400,Sa,4,20151002250,ALEX LEONEL HERNANDEZ GUTIERREZ,hernandez_leonel@unah.hn,0,0,0,0,0,0,0,0,0,0,0
32,1400,Sa,5,20161002038,JOSUE RENE MAIRENA OLAY,jrmairena@unah.hn,0,0,0,51,"6,00",0,0,0,0,0,0
33,1400,Sa,6,20171001479,YISSELA ILIANY GARCIA AGUILAR,yissela.garcia@unah.hn,0,0,0,0,0,0,"10,00",0,0,0,0
34,1400,Sa,7,20201001224,BRAYAN JOSUE HERNANDEZ GARCIA,bj.hernandez@unah.hn,"7,50",45,"3,75",51,0,75,0,65,0,0,0
35,1400,Sa,8,20201002740,DANIEL ANTONIO MEJIA PALACIOS,danielpalacios@unah.hn,0,45,0,51,0,0,"20,00",65,0,0,0
36,1400,Sa,9,20201003307,EDWIN MIGUEL RODRÍGUEZ AYALA,edwinayala@unah.hn,"15,00",70,"7,50",75,"15,00",75,"20,00",65,75,0,100
37,1400,Sa,10,20211000898,OCNIN DEMALED ORTIZ AVILA,ocnin.ortiz@unah.hn,"15,00",70,"7,50",75,"12,00",75,0,65,75,0,100
38,900,Vi,1,20201000033,ANDRE JARED AGUILAR OCHOA,ajaguilaro@unah.hn,"15,00",53,"3,75",65,0,73,"15,00",73,75,0,0
39,900,Vi,2,20201000246,NELSON EMMANUEL BANEGAS REINA,nbanegasr@unah.hn,"11,25",62,"11,25",0,"12,00",65,"15,00",68.5,75,0,0
40,900,Vi,3,20201004151,ELMER NOE SOSA TORRES,elmer.sosa@unah.hn,"7,50",62,"7,50",0,"12,00",65,"15,00",68.5,75,0,100
41,900,Vi,4,20211020213,MIGUEL ANGEL CUADRA MAIRENA,miguel.cuadra@unah.hn,"11,25",62,"15,00",0,"12,00",65,"15,00",68.5,75,0,100
42,900,Vi,5,20211020592,GERARDO ANDREE SALINAS APLÍCANO,gasalinas@unah.hn,"11,25",65,"15,00",0,"9,00",75,"20,00",73,75,0,0
43,900,Vi,6,20211020725,GABRIEL ALBERTO VILLANUEVA BARRIENTOS,gabriel.villanueva@unah.hn,"7,50",65,"7,50",0,"9,00",75,"15,00",73,75,0,0
44,900,Vi,7,20211021290,LAURA DANELIA SALAZAR NÚÑEZ,laura.salazar@unah.hn,"7,50",53,"15,00",65,"15,00",73,"15,00",73,75,0,0
45,900,Vi,8,20211021929,LUIS ENRIQUE BENITES CASTILLO,luis.benites@unah.hn,"15,00",62,"15,00",0,"12,00",65,"20,00",68.5,75,0,0
46,900,Vi,9,20211023118,LESLIE GABRIELA RAMOS CANALES,lgramos@unah.hn,"11,25",62,"11,25",0,"12,00",65,"15,00",68.5,75,0,0
47,900,Vi,10,20211023579,PAOLO FABRICIO RODRIGUEZ GUILLEN,pfrodriguez@unah.hn,"11,25",53,"11,25",65,"15,00",73,"15,00",73,75,0,0
48,900,Vi,11,20211024198,DORIAN SAMANTHA CONTRERAS VELASQUEZ,dorian.contreras@unah.hn,"15,00",65,"15,00",0,"9,00",75,"15,00",73,75,0,0
49,900,Vi,12,20211024290,ESTEFANY ALEJANDRA MEJIA SANCHEZ,eamejias@unah.hn,"7,50",53,"7,50",65,"12,00",73,"20,00",73,75,0,0
50,900,Vi,13,20221000733,WILIAMS DE JESÚS BARAHONA CARBAJAL,wiliams.barahona@unah.hn,"11,25",53,"11,25",65,"7,50",73,"15,00",73,75,0,0
51,900,Vi,14,20221001802,JUAN CARLOS FLORES TRUJILLO,jcflorest@unah.hn,"3,75",65,"15,00",0,"15,00",75,"20,00",73,75,0,0
52,900,Vi,15,20221002643,ULISES VLADIMIR AGUILAR RIVERA,ulises.aguilar@unah.hn,"11,25",65,"15,00",0,"15,00",75,"15,00",73,75,0,0
53,900,vi,16,20153002180,MARCO ANTONIO SNATACREO POSAS,marcosantacreo@unah.hn,"11,25",55,0,0,0,70,"15,00",64,75,0,100
