,seccion,dias,no,cuenta,nombre,email_institucional,I1_Pen.F
0,1100,Ju,1,20121013347,STEFANY PATRICIA CRUZ VELASQUEZ,stefany.cruz@unah.hn,0
1,1100,Ju,2,20151022840,JOSÉ RAÚL RUBIO ULLOA,josrubio@unah.hn,0
2,1100,Ju,3,20151023922,IRIS MELISSA MEJIA JIMENEZ,immejia@unah.hn,0
3,1100,Ju,4,20181007017,JENNIFER CAROLINA RODRIGUEZ ALVARADO,jcrodrigueza@unah.hn,0
4,1100,Ju,5,20183000162,MARTHA RAQUEL REYES RAMOS,reyes.martha@unah.hn,0
5,1100,Ju,6,20191000467,GUILLERMO ALEJANDRO IZAGUIRRE SALGADO,gizaguirres@unah.hn,0
6,1100,Ju,7,20191001596,KELIN ANDREA DIAZ SANCHEZ,kadiazs@unah.hn,0
7,1100,Ju,8,20191005424,OBED ISAI SALGADO SALGADO,obed.salgado@unah.hn,0
8,1100,Ju,9,20201000479,CRISTOPHER JOSUE CARRANZA CARRANZA,cjcarranzac@unah.hn,0
9,1100,Ju,10,20201000839,DIEGO ALEJANDRO ELVIR RODRIGUEZ,daelvirr@unah.hn,0
10,1100,Ju,11,20211022207,DARIELA MARISEL SALGADO SALGADO,dariela.salgado@unah.hn,0
11,1100,Ju,12,20221900049,ALLAN JOSUÉ FLORENTINO MEDINA,allan.florentino@unah.hn,0
12,1100,Ju,13,20221900056,ÁNGEL EDUARDO BUSTILLO MEDINA,aebustillo@unah.hn,0
13,1100,Ma,1,20111005134,SCARLETH NICOLE GARCIA ROMERO,scarleth.garcia@unah.hn,36
14,1100,Ma,2,20111005331,SAIRA MENDOZA GOMEZ,saira.mendoza@unah.hn,21
15,1100,Ma,3,20151002378,JEFFRY JOSUE BARAHONA MEJIA,barahona_jeffry@unah.hn,36
16,1100,Ma,4,20171000134,ROBIN JOHAN AMADOR HERRERA,robin.amador@unah.hn,21
17,1100,Ma,5,20181002553,CRISTIANS ORLANDO HERNANDEZ MANUELES,cristians.hernandez@unah.hn,36
18,1100,Ma,6,20181005056,RONALD FABRICIO SUAZO DOMINGUEZ,ronald.suazo@unah.hn,36
19,1100,Ma,7,20181005059,OSCAR DANIEL SANCHEZ BANEGAS,osanchezb@unah.hn,0
20,1100,Ma,8,20181007060,ZENIO ALDAIR VELÁSQUEZ ZELAYA,zenio.velasquez@unah.hn,0
21,1100,Ma,9,20201002105,OIZIS AKSUNAMUN MELGAR RODRIGUEZ,oizis.melgar@unah.hn,47
22,1100,Ma,10,20201003819,MOISES AMADO RECARTE AGUILERA,moises.recarte@unah.hn,47
23,1100,Ma,11,20201003991,FERNANDO JAVIER TERCERO ORELLANA,fernando.tercero@unah.hn,21
24,1100,Ma,12,20201004042,JOSÉ FERNANDO SANCHEZ RODAS,jfsanchezr@unah.hn,21
25,1100,Ma,13,20211020135,ELVIS EDUARDO INESTROZA AGUILAR,elvis.inestroza@unah.hn,47
26,1100,Ma,14,20211023182,XOCHILT ABRIL GUERRA CERRATO,xochilt.guerra@unah.hn,47
27,1100,Ma,15,20211920104,FRANCIS CAROLINA GONZALES MELENDEZ,fgonzalesm@unah.hn,36
28,1400,Sa,1,20111900511,LUIS ADAN SANCHEZ PEREZ,perezadan@unah.hn,0
29,1400,Sa,2,20112000889,BRAYAN ANTONIO PICHARDO BENITEZ,antonio.pichardo@unah.hn,0
30,1400,Sa,3,20141030226,EDGAR ADAN ESPINAL ORDOÑEZ,edgar.espinal@unah.hn,0
31,1400,Sa,4,20151002250,ALEX LEONEL HERNANDEZ GUTIERREZ,hernandez_leonel@unah.hn,0
32,1400,Sa,5,20161002038,JOSUE RENE MAIRENA OLAY,jrmairena@unah.hn,0
33,1400,Sa,6,20171001479,YISSELA ILIANY GARCIA AGUILAR,yissela.garcia@unah.hn,0
34,1400,Sa,7,20201001224,BRAYAN JOSUE HERNANDEZ GARCIA,bj.hernandez@unah.hn,0
35,1400,Sa,8,20201002740,DANIEL ANTONIO MEJIA PALACIOS,danielpalacios@unah.hn,0
36,1400,Sa,9,20201003307,EDWIN MIGUEL RODRÍGUEZ AYALA,edwinayala@unah.hn,0
37,1400,Sa,10,20211000898,OCNIN DEMALED ORTIZ AVILA,ocnin.ortiz@unah.hn,0
